{
  "continuous_multiseed": {
    "y0_mean": 0.45646310653025146,
    "y0_std": 0.00010769114135549248,
    "loss_mean": 3.294996914883435e-05,
    "loss_std": 6.658213877236339e-06,
    "z_max_mean": 0.07116989654086585,
    "z_max_std": 0.0019793461342183837,
    "y0s": [
      0.4563847828111022,
      0.4566123424925294,
      0.4563708674626844,
      0.4565758617391733,
      0.45637167814576834
    ],
    "losses": [
      3.746065029358015e-05,
      3.7141787144115705e-05,
      3.60167497898161e-05,
      3.43137208350264e-05,
      1.9816937681633384e-05
    ]
  },
  "jump_multiseed": {
    "y0_mean": 0.4461313096381896,
    "y0_std": 0.0015019618639060322,
    "loss_mean": 0.0008494692375924827,
    "loss_std": 0.0006482902864978888,
    "z_max_mean": 1063.9447382926942,
    "z_max_std": 0.5861915573109547,
    "y0s": [
      0.4470440000681533,
      0.4472179865996673,
      0.4431670368685097,
      0.44653269964771897,
      0.4466948250068984
    ],
    "losses": [
      0.00011469171902805903,
      0.00014519323709955663,
      0.0008346747879919696,
      0.0015114203142779553,
      0.0016413661295648732
    ]
  },
  "ablation_type1": {
    "y0_mean": 0.456649085989842,
    "y0_std": 0.00024695922721377405,
    "loss_mean": 5.763288049264202e-05,
    "loss_std": 1.6408118341071703e-05,
    "z_max_mean": 0.09714884584470705,
    "z_max_std": 0.017884022851801688,
    "y0s": [
      0.4567569947835858,
      0.4567017721775876,
      0.4565486276108508,
      0.4569922629604949,
      0.4562457724166912
    ],
    "losses": [
      7.091464393795648e-05,
      6.207061134624586e-05,
      7.465417662758973e-05,
      5.159490028814707e-05,
      2.893007026327092e-05
    ]
  },
  "ablation_type3": {
    "y0_mean": 0.45675607849035743,
    "y0_std": 0.00014535246122409108,
    "loss_mean": 4.9821659540108965e-05,
    "loss_std": 1.2801146273963806e-05,
    "z_max_mean": 0.09446221666868024,
    "z_max_std": 0.02559113417533237,
    "y0s": [
      0.4569998952315737,
      0.4566162294229628,
      0.45672430593916513,
      0.45661270380637436,
      0.4568272580517113
    ],
    "losses": [
      5.9674927808088596e-05,
      6.179692121815236e-05,
      5.701312203461649e-05,
      4.25936901113546e-05,
      2.8029636528332798e-05
    ]
  },
  "stress_quadratic": {
    "y0_mean": 0.456649085989842,
    "y0_std": 0.00024695922721377405,
    "loss_mean": 5.763288049264202e-05,
    "loss_std": 1.6408118341071703e-05,
    "z_max_mean": 0.09714884584470705,
    "z_max_std": 0.017884022851801688,
    "y0s": [
      0.4567569947835858,
      0.4567017721775876,
      0.4565486276108508,
      0.4569922629604949,
      0.4562457724166912
    ],
    "losses": [
      7.091464393795648e-05,
      6.207061134624586e-05,
      7.465417662758973e-05,
      5.159490028814707e-05,
      2.893007026327092e-05
    ]
  },
  "stress_cubic": {
    "y0_mean": 0.4524023815743982,
    "y0_std": 0.0002900134127985547,
    "loss_mean": 8.358751645166672e-05,
    "loss_std": 1.5314889013444284e-05,
    "z_max_mean": 0.1445375043876223,
    "z_max_std": 0.0197177154105838,
    "y0s": [
      0.45200108241022774,
      0.45251032730420965,
      0.45231842965842317,
      0.452882254106697,
      0.4522998143924338
    ],
    "losses": [
      9.749652498726441e-05,
      6.509860182245804e-05,
      0.00010488490823172261,
      7.992518630270618e-05,
      7.053236091418236e-05
    ]
  },
  "stress_exponential": {
    "y0_mean": 0.44811386229330025,
    "y0_std": 0.00023422106875517647,
    "loss_mean": 9.742824887164737e-05,
    "loss_std": 3.210055909330649e-05,
    "z_max_mean": 0.13091561813091934,
    "z_max_std": 0.02297419291273392,
    "y0s": [
      0.4478953696835424,
      0.4481584256980408,
      0.4480450293421686,
      0.44854376234995846,
      0.4479267243927911
    ],
    "losses": [
      0.00011992192617116791,
      4.8505945158195094e-05,
      0.00014141394452484048,
      7.959418033079928e-05,
      9.77052481732341e-05
    ]
  },
  "breaking_point_gamma": [
    {
      "gamma": 0.5,
      "y0": 0.4597224903272094,
      "loss": 2.9936640126860653e-05,
      "z_max": 0.05042005849989654,
      "converged": true
    },
    {
      "gamma": 1.0,
      "y0": 0.44793457218908234,
      "loss": 8.057097777840052e-05,
      "z_max": 0.117712732794661,
      "converged": true
    },
    {
      "gamma": 2.0,
      "y0": 0.34892732856599323,
      "loss": 0.019048115544697222,
      "z_max": 2.219498015877171,
      "converged": true
    },
    {
      "gamma": 3.0,
      "y0": -3.362920801763665,
      "loss": 10.228668525224908,
      "z_max": 257.84969950160263,
      "converged": false
    },
    {
      "gamma": 5.0,
      "y0": -17.96356061237621,
      "loss": 6305.998828260742,
      "z_max": 58.71510104084627,
      "converged": false
    },
    {
      "gamma": 8.0,
      "y0": -19.31237826045416,
      "loss": 756670588.1549034,
      "z_max": 33.38261356466427,
      "converged": false
    },
    {
      "gamma": 12.0,
      "y0": -19.650933914460747,
      "loss": 79303147448837.47,
      "z_max": 40.1487239966547,
      "converged": false
    }
  ],
  "breaking_point_phi": [
    {
      "phi": 0.001,
      "y0": 0.46538844752758146,
      "loss": 2.374115442083088e-06,
      "z_max": 0.014377882501805906,
      "converged": true
    },
    {
      "phi": 0.01,
      "y0": 0.45642454207116656,
      "loss": 3.150629651308538e-05,
      "z_max": 0.09151847027032951,
      "converged": true
    },
    {
      "phi": 0.1,
      "y0": 0.3758226086265917,
      "loss": 0.0007237694426666695,
      "z_max": 0.6073819623595892,
      "converged": true
    },
    {
      "phi": 0.5,
      "y0": 0.18537410276802274,
      "loss": 0.011842429226754662,
      "z_max": 1.4838420879334975,
      "converged": true
    },
    {
      "phi": 1.0,
      "y0": 0.24473242925918992,
      "loss": 0.1300997756436744,
      "z_max": 1.3938814668538597,
      "converged": true
    },
    {
      "phi": 2.0,
      "y0": -6.051065917604645,
      "loss": 23.53485115105353,
      "z_max": 17.735365978634476,
      "converged": false
    },
    {
      "phi": 5.0,
      "y0": -18.392524120786412,
      "loss": 1230.8122818078473,
      "z_max": 23.857507554215857,
      "converged": false
    }
  ],
  "sensitivity_alpha": [
    {
      "alpha": 0.5,
      "y0": 1.3892974919143235,
      "loss": 0.00013081735231531741,
      "expected_spread": 4.0
    },
    {
      "alpha": 1.0,
      "y0": 0.6897178519718292,
      "loss": 7.128800615407368e-05,
      "expected_spread": 2.0
    },
    {
      "alpha": 1.5,
      "y0": 0.4564356167400547,
      "loss": 2.99140053325235e-05,
      "expected_spread": 1.3333333333333333
    },
    {
      "alpha": 2.0,
      "y0": 0.3396005387277327,
      "loss": 2.7379032651099116e-05,
      "expected_spread": 1.0
    },
    {
      "alpha": 3.0,
      "y0": 0.22394519843431726,
      "loss": 3.0040777026368443e-05,
      "expected_spread": 0.6666666666666666
    },
    {
      "alpha": 5.0,
      "y0": 0.1304455818931511,
      "loss": 3.0168797595014008e-05,
      "expected_spread": 0.4
    }
  ],
  "sensitivity_lambda": [
    {
      "lambda": 0.1,
      "y0": 0.045756006889901224,
      "loss": 2.6240702201798268e-06
    },
    {
      "lambda": 0.5,
      "y0": 0.2284589754323919,
      "loss": 3.0951352195086364e-05
    },
    {
      "lambda": 1.0,
      "y0": 0.4561697514052216,
      "loss": 6.246216227015836e-05
    },
    {
      "lambda": 2.0,
      "y0": 0.9130132891606358,
      "loss": 0.00015477020202422088
    },
    {
      "lambda": 5.0,
      "y0": 2.263149966734532,
      "loss": 0.006029693837758523
    }
  ],
  "sensitivity_NT": [
    {
      "N_T": 10,
      "y0": 0.45546678938846047,
      "loss": 6.945103371192459e-05
    },
    {
      "N_T": 25,
      "y0": 0.4557637037963347,
      "loss": 1.9077464082172546e-05
    },
    {
      "N_T": 50,
      "y0": 0.4568035869985794,