{
  "eta": 0.5,
  "V_0_q0_sig0": 0.45715170510312786,
  "V_0_q0": [
    0.47456322016384395,
    0.4505193031963703,
    0.4544871037687611,
    0.45534216542923817,
    0.4561368503010009,
    0.4567006294627689,
    0.4570389378524871,
    0.45715170510312786,
    0.4570389378524871,
    0.45670062946276896,
    0.4561368503010009,
    0.45534216542923817,
    0.4544871037687611,
    0.4505193031963703,
    0.47456322016384395
  ],
  "sig_grid": [
    -2.0,
    -1.7142857142857144,
    -1.4285714285714286,
    -1.1428571428571428,
    -0.8571428571428572,
    -0.5714285714285716,
    -0.2857142857142858,
    0.0,
    0.2857142857142856,
    0.5714285714285712,
    0.8571428571428568,
    1.1428571428571428,
    1.4285714285714284,
    1.714285714285714,
    2.0
  ],
  "q_grid": [
    -5.0,
    -4.0,
    -3.0,
    -2.0,
    -1.0,
    0.0,
    1.0,
    2.0,
    3.0,
    4.0,
    5.0
  ],
  "spread_0_q0": [
    1.3694517030544548,
    1.3694893293769765,
    1.3694805743476677,
    1.3694765557370712,
    1.3694732425381826,
    1.369470863380057,
    1.369469429800396,
    1.3694689510002294,
    1.369469429800396,
    1.369470863380057,
    1.3694732425381826,
    1.3694765557370712,
    1.369480574347668,
    1.3694893293769765,
    1.3694517030544548
  ]
}